id;org_id;address_id;address_1;address_2;pincode
1;Northwest Berkshire;cultivate Erbium;Bedfordshire enterprise Loan;meh;implant Operative Dinar
2;orange withdrawal haptic;Van;instantly;Frozen;applications synthesize
3;Fiat;Connecticut;collaboration;Tactics Central turquoise;North Malagasy
4;Infrastructure;Metrics Bicycle Folding;flexibility Extended anxiously;adipisci possimus;intranet enable
5;BMX;Lawrencium West;woman Utah;copying;Bruen ampere
6;Paradigm Sodium;Paradigm Francium state;didactic without Niobium;Wagon nesciunt Borders;Northeast
7;drat Avon Cambridgeshire;Canyon Pickup;pupa unexpectedly;forager silent bandwidth;violet system
8;deposit Configuration Phyllis;velvety;Recumbent redundant Quality;North orange;faithful
9;Extended Palladium World;Passenger female;sparse;woman;Non South
10;payment Steel;Van salmon;niches who;optimizing interfaces teal;Convertible system
