id;user_id;name;user_name;password;status;create_date;update_date;profile_photo;profile_photo_content_type;email_id;phone_number
1;Electric optical;male Minivan;Metrics;sexy aha;ACTIVE;2023-10-04T14:22:35;2023-10-05T12:46:45;../fake-data/blob/hipster.png;image/png;M2F Ergonomic Cedi;synergize female
2;our Electronics female;Rubber Southeast carol;Bacon Rolando;transmitting Weissnat Data;INACTIVE;2023-10-05T09:43:04;2023-10-04T15:49:45;../fake-data/blob/hipster.png;image/png;Stamm;Maserati monitor Innovative
3;female sheepishly Internal;eulogise York indeed;Convertible Soap Multigender;Dollar deposit apropos;ACTIVE;2023-10-04T21:15:55;2023-10-04T21:36:46;../fake-data/blob/hipster.png;image/png;Audi archive copying;laboriosam East solutions
4;Pizza Wagon;Fiat woot;motivating California pink;Buckinghamshire Accounts sky;ACTIVE;2023-10-05T07:03:08;2023-10-04T20:30:59;../fake-data/blob/hipster.png;image/png;Loan male;Corporate
5;methodology Human Ergonomic;Diesel Alaska;wireless hm East;holistic;INACTIVE;2023-10-05T00:51:57;2023-10-04T18:43:46;../fake-data/blob/hipster.png;image/png;Country;Antimony Cotton
6;Diesel Markets Passenger;Kwacha;Bedfordshire;proactive;ACTIVE;2023-10-05T05:31:24;2023-10-04T15:23:44;../fake-data/blob/hipster.png;image/png;Southeast Wyoming;neural newton ration
7;plus Franc;instantly hertz Funk;support SUV Investment;SUV Russian;INACTIVE;2023-10-04T19:24:48;2023-10-04T19:18:21;../fake-data/blob/hipster.png;image/png;Toyota woman;jovial
8;impediment Fundamental;than Graphical;off er;quaerat array;ACTIVE;2023-10-04T21:22:36;2023-10-05T09:54:04;../fake-data/blob/hipster.png;image/png;neutral standardization demote;Country Graphic alongside
9;expedite Industrial;parse Illinois;deposit Integrated hmph;synergy Forint;INACTIVE;2023-10-05T10:40:47;2023-10-05T07:13:50;../fake-data/blob/hipster.png;image/png;Applications Liechtenstein secure;silver Senior Borders
10;Pants;male Future who;Electric;Van Folk;INACTIVE;2023-10-05T08:53:59;2023-10-05T04:33:42;../fake-data/blob/hipster.png;image/png;Accounts Outdoors Mouse;Markets innocently
