id;role_id;org_id;name
1;Investment South;solution innovative Arkansas;molestiae Officer exuding
2;female;invoice wrongly;calculate Courts
3;Hyundai Agent Dynamic;Innovative violet Bicycle;Integration Metal Metal
4;Oregon Bedfordshire;Mozambique Polonium moratorium;deposit
5;Berkshire;Cordoba harrow;significance
6;Bicycle Indiana Tasty;Loan;Minivan Chromium finally
7;until;female Modern;matrix
8;Bronze Androgynous;Volkswagen Cambridgeshire South;Account extensible withdrawal
9;silver Metal deposit;Infrastructure;intangible Northeast
10;Folk reciprocal;Bronze;successfully
