id;org_id;transporter_id;name;phone_number;status
1;Hatchback navigating;Keyboard;Electronic Coupe;Awesome;INACTIVE
2;Hatchback coke Electronic;male Technician;quantifying;Bedfordshire Robust duplicate;INACTIVE
3;Legacy;quirky Ergonomic Van;Elegant Intranet Blues;Convertible before Diesel;ACTIVE
4;functionalities Response;BMX Group;turquoise unless powerfully;further Human;ACTIVE
5;quantifying Coordinator application;male Southwest tesla;Tactics Alabama East;Cambridgeshire Solutions;ACTIVE
6;Shoes parsing ecliptic;Funk payment;Northwest male Regional;skipper interactive;INACTIVE
7;Volvo turtle Account;override;South exuding Future;Beauty yippee Director;ACTIVE
8;South betake;Northeast mmm;Sausages;Security South male;ACTIVE
9;Norwegian Specialist blue;Small Customizable;hack;Hatchback;INACTIVE
10;whoa;Associate neural;coherent hollow Rolls;repent North;ACTIVE
